Age_Category,Avg_BMI
18-24,24.33
18-24,25.1
25-29,18.01
30-34,34.38
30-34,31.75
35-39,26.39
40-44,26.63
45-49,30.28
45-49,27.66
50-54,34.06
50-54,33.1
55-59,29.13
55-59,27.93
60-64,30.03
60-64,30.6
65-69,29.48
65-69,29.03
70-74,28.52
70-74,29.29
75-79,27.65
75-79,28.3
80+,25.49
80+,26.42
